abbreviation,full_name,smiles_pubchem,smiles_opsin,smiles_cactus,smiles_final,doi
6FDA,"2,2-bis(3,4-dicarboxyphenyl)-hexafluoropropane dianhydride",C1=CC2=C(C=C1C(C3=CC4=C(C=C3)C(=O)OC4=O)(C(F)(F)F)C(F)(F)F)C(=O)OC2=O,nan,nan,nan,photopolymer.10.31
TFDB,"2,2'-bis(trifluoromethyl)-4,4'-diaminobiphenyl",C1=CC(=C(C=C1N)C(F)(F)F)C2=C(C=C(C=C2)N)C(F)(F)F,FC(C1=C(C=CC(=C1)N)C1=C(C=C(C=C1)N)C(F)(F)F)(F)F,nan,nan,photopolymer.10.31
PMDA,nan,C1=C2C(=CC3=C1C(=O)OC3=O)C(=O)OC2=O,nan,nan,nan,photopolymer.10.31
ODA,nan,nan,nan,[Na+].[O-][S]1(=NC(=O)c2ccccc12)=O,nan,photopolymer.10.31
DMDB,nan,CC1=CC(=C(C=C1C)NS(=O)(=O)C2=CC=CC=C2)NS(=O)(=O)C3=CC=CC=C3,nan,nan,nan,photopolymer.10.31
6FDA,"2,2-bis(3,4-dicarboxyphenyl)-hexafluoropropane dianhydride",C1=CC2=C(C=C1C(C3=CC4=C(C=C3)C(=O)OC4=O)(C(F)(F)F)C(F)(F)F)C(=O)OC2=O,nan,nan,nan,photopolymer.10.31
TFDB,"2,2'-bis(trifluoromethyl)-4,4'-diaminobiphenyl",C1=CC(=C(C=C1N)C(F)(F)F)C2=C(C=C(C=C2)N)C(F)(F)F,FC(C1=C(C=CC(=C1)N)C1=C(C=C(C=C1)N)C(F)(F)F)(F)F,nan,nan,photopolymer.10.31
PMDA,nan,nan,nan,O=C1OC(=O)c2cc3C(=O)OC(=O)c3cc12,nan,photopolymer.10.31
ODA,nan,nan,nan,[Na+].[O-][S]1(=NC(=O)c2ccccc12)=O,nan,photopolymer.10.31
PMDA,Pyromellitic dianhydride,nan,nan,O=C1OC(=O)c2cc3C(=O)OC(=O)c3cc12,nan,photopolymer.10.37
6FDA,"4,4'-(hexafluoroisopropylidene)diphthalic anhydride",C1=CC2=C(C=C1C(C3=CC4=C(C=C3)C(=O)OC4=O)(C(F)(F)F)C(F)(F)F)C(=O)OC2=O,nan,nan,nan,photopolymer.10.37
BAPE,Bis(4-aminophenyl) ether,C1=CC(=CC=C1N)OC2=CC=C(C=C2)N,NC1=CC=C(C=C1)OC1=CC=C(C=C1)N,nan,Nc1ccc(Oc2ccc(N)cc2)cc1,photopolymer.10.37
DDTA,"[4,4'-diamino-4""-(4-nitrophenyl)diazenyl]triphenylamine;[4,4'-Diamino-4""-(4-nitrophenyl)diazenyl)-triphenylamine",C1COCCOCC1(N(CC(=O)O)CC(=O)O)N(CC(=O)O)CC(=O)O,nan,nan,nan,photopolymer.10.37
6FDA,"4,4'-(hexafluoroisopropylidene)diphthalic anhydride",C1=CC2=C(C=C1C(C3=CC4=C(C=C3)C(=O)OC4=O)(C(F)(F)F)C(F)(F)F)C(=O)OC2=O,nan,nan,nan,photopolymer.11.211
DDE,"4,4'-diaminodiphenyl ether",nan,nan,Nc1ccc(Oc2ccc(N)cc2)cc1,nan,photopolymer.11.231
BAB,"1,3-bis(4-aminophenyl)benzene",nan,NC1=CC=C(C=C1)C1=CC(=CC=C1)C1=CC=C(C=C1)N,nan,nan,photopolymer.11.231
PMDA,pyromellitic dianhydride,nan,nan,O=C1OC(=O)c2cc3C(=O)OC(=O)c3cc12,nan,photopolymer.11.231
DPM,"4,4'-diaminodiphenylmethane",nan,nan,Nc1ccc(Cc2ccc(N)cc2)cc1,nan,photopolymer.11.237
DCHM,"4,4'-diaminodicyclohexylmethane",nan,nan,NC1CCC(CC1)CC2CCC(N)CC2,nan,photopolymer.11.237
PMDA,pyromellitic dianhydride,C1=C2C(=CC3=C1C(=O)OC3=O)C(=O)OC2=O,nan,nan,nan,photopolymer.14.33
s-BPDA,"3,3',4,4'-biphenyltetracarboxylic dianhydride",C1=CC2=C(C=C1C3=CC4=C(C=C3)C(=O)OC4=O)C(=O)OC2=O,nan,nan,nan,photopolymer.14.33
ODPA,"4,4'-oxydiphthalic anhydride",C1=CC2=C(C=C1OC3=CC4=C(C=C3)C(=O)OC4=O)C(=O)OC2=O,nan,nan,nan,photopolymer.14.33
6FDA,"4,4'-(hexafluoroisopropylidene) diphthalic anhydride",C1=CC2=C(C=C1C(C3=CC4=C(C=C3)C(=O)OC4=O)(C(F)(F)F)C(F)(F)F)C(=O)OC2=O,nan,nan,nan,photopolymer.14.33
1a,"9,9-bis(4-aminophenyl)fluorene",nan,NC1=CC=C(C=C1)C1(C2=CC=CC=C2C=2C=CC=CC12)C1=CC=C(C=C1)N,nan,nan,photopolymer.14.33
2a,"9,9-bis[4-(aminophenoxy)phenyl]fluorene",C1CN=C2C3=CC=CC=C3SN2C1,nan,nan,nan,photopolymer.14.33
2b,nan,nan,nan,[Cl-].CCCCCCCCCCCCCCCCCC[N+](C)(C)Cc1ccccc1,nan,photopolymer.14.33
2d,nan,C1CN=C2C3=C(C=C(C=C3)Br)SN2C1,nan,nan,nan,photopolymer.14.33
2f,nan,C1CN=C2C3=C(C=C(C=C3)C4=CC5=C(C=C4)OCO5)SN2C1,nan,nan,nan,photopolymer.14.33
3a,"9,9-bis[(3,4-dicarboxyphenoxy)phenyl]dianhydride",CC(C)C1=C(C(=CC=C1)C(C)C)N=CC2=CC=CC=C2[O-].C1=CC=C(C=C1)P(C2=CC=CC=C2)C3=CC=CC=C3.C(Cl)Cl.C(Cl)Cl.[Cl-].[Pt+2],nan,nan,nan,photopolymer.14.33
MBCA,"4,4'-Methylenebis(cyclohexylamine)",C1CC(CCC1CC2CCC(CC2)N)N,C(C1CCC(CC1)N)C1CCC(CC1)N,nan,nan,photopolymer.14.37
NBDA,"2,5(2,6)-bis(aminomethyl)bicyclo-[2.2.1]-heptane",CC(C(=O)O)NC1=CC=C(C2=NON=C12)[N+](=O)[O-],nan,nan,nan,photopolymer.14.37
NDA,"3,5,6-Tricarboxy-2-carboxymethylnorbornane-2:3,5:6-dianhydride",nan,nan,[O-]N=O.C1CCC(CC1)[NH2+]C2CCCCC2,nan,photopolymer.14.37
CBDA,"1,2,3,4-cyclobutanetetracarboxylic dianhydride",CCCCCC1=CC(=C(C(=C1C(=O)O)O)C2C=C(CCC2C(=C)C)C)O,nan,nan,nan,photopolymer.14.37
TDA,"3,4-dicarboxy-1,2,3,4-tetrahydro-1-naphthalenesuccinic anhydride",nan,C(=O)(O)C1CC(C2=CC=CC=C2C1C(=O)O)C1CC(=O)OC1=O,nan,nan,photopolymer.14.37
BDT,"1,2,3,4-butanetetracarboxylic dianhydride",nan,nan,O=C1CC(C2CC(=O)OC2=O)C(=O)O1,nan,photopolymer.14.37
PMDA,nan,nan,nan,O=C1OC(=O)c2cc3C(=O)OC(=O)c3cc12,nan,photopolymer.15.167
nan,diamine,nan,nan,NN,nan,photopolymer.15.167
TAEA,Tris(2-aminoethyl)amine,C(CN(CCN)CCN)N,NCCN(CCN)CCN,nan,nan,photopolymer.15.185
BTDA,"3,3',4,4'-benzophenone tetracarboxylic dianhydride",C1=CC2=C(C=C1C(=O)C3=CC4=C(C=C3)C(=O)OC4=O)C(=O)OC2=O,nan,nan,O=C(c1ccc2c(c1)C(=O)OC2=O)c1ccc2c(c1)C(=O)OC2=O,photopolymer.15.185
6FBCA,"4,4'-hexafluoroisopropylidenebis(cyclohexylamine)",nan,FC(C(C(F)(F)F)(C1CCC(CC1)N)C1CCC(CC1)N)(F)F,nan,nan,photopolymer.15.213
CBDA,"1,2,3,4-Cyclobutanetetracarboxylic dianhydride",CCCCCC1=CC(=C(C(=C1C(=O)O)O)C2C=C(CCC2C(=C)C)C)O,nan,nan,nan,photopolymer.15.213
6FDA,"4,4'-(Hexafluoroisopropylidene)diphthalic anhydride",C1=CC2=C(C=C1C(C3=CC4=C(C=C3)C(=O)OC4=O)(C(F)(F)F)C(F)(F)F)C(=O)OC2=O,nan,nan,nan,photopolymer.15.213
s-BPDA,nan,C1=CC2=C3C=C1C4=CC(=C(C=C4)C(=O)OC2=O)C(=O)OC3=O,nan,nan,nan,photopolymer.16.233
PDA,P-phenylenediamine,nan,nan,Nc1ccc(N)cc1,nan,photopolymer.16.233
ODA,"4,4'-oxydianiline",C1=CC(=CC=C1N)OC2=CC=C(C=C2)N,O(C1=CC=C(N)C=C1)C1=CC=C(N)C=C1,nan,nan,photopolymer.16.233
BAPP,"2,2-bis[4-(4-aminophenoxy)phenyl]propane",nan,NC1=CC=C(OC2=CC=C(C=C2)C(C)(C)C2=CC=C(C=C2)OC2=CC=C(C=C2)N)C=C1,nan,nan,photopolymer.16.233
TPE-R,"1,3-bis(4-aminophenoxy)benzene;1,3-bis-(4-aminophenoxy)-benzene",nan,NC1=CC=C(OC2=CC(=CC=C2)OC2=CC=C(C=C2)N)C=C1,nan,nan,photopolymer.16.233
APB,"1,3-bis(3-aminophenoxy)benzene",C1=CC(=CC(=C1)OC2=CC(=CC=C2)OC3=CC=CC(=C3)N)N,NC=1C=C(OC2=CC(=CC=C2)OC2=CC(=CC=C2)N)C=CC1,nan,nan,photopolymer.16.233
6FDA,"4,4'-(hexafluoropropylidene)-diphthalic anhydride",C1=CC2=C(C=C1C(C3=CC4=C(C=C3)C(=O)OC4=O)(C(F)(F)F)C(F)(F)F)C(=O)OC2=O,nan,nan,nan,photopolymer.20.153
BAPMA,"N,N-Bis(3-aminopropyl)-methylamine",nan,NCCCN(CCCN)C,nan,nan,photopolymer.20.153
ODA,"4,4'-diaminodiphenyl ether",nan,nan,Nc1ccc(Oc2ccc(N)cc2)cc1,nan,photopolymer.20.153
6FDA,"2,2'-Bis(3,4-dicarboxyphenyl)hexafluoro propane dianhydride",C1=CC2=C(C=C1C(C3=CC4=C(C=C3)C(=O)OC4=O)(C(F)(F)F)C(F)(F)F)C(=O)OC2=O,nan,nan,nan,photopolymer.20.163
s-BPDA,s-biphenyltetracarboxylic acid dianhydride,C1=CC2=C3C=C1C4=CC(=C(C=C4)C(=O)OC2=O)C(=O)OC3=O,nan,nan,nan,photopolymer.20.167
a-BPDA,a-biphenyltetracarboxylic acid dianhydride,C1=CC(=C2C(=C1)C(=O)OC2=O)C3=CC4=C(C=C3)C(=O)OC4=O,nan,nan,nan,photopolymer.20.167
PDA,p-diaminobenzene,C1=CC(=CC=C1N)N,NC1=CC=C(C=C1)N,nan,nan,photopolymer.20.167
PMDA,Pyromellitic dianhydride,C1=C2C(=CC3=C1C(=O)OC3=O)C(=O)OC2=O,nan,nan,nan,photopolymer.20.739
DCHM;mix-DCHM,"4,4'-Diaminodicyclohexylmethane;diaminodicyclohexylamine",nan,nan,NC1CCC(CC1)CC2CCC(N)CC2,nan,photopolymer.20.739
TDA,"4,4'-thioaniline",C1=CC(=CC=C1N)SC2=CC=C(C=C2)N,nan,nan,nan,photopolymer.20.739
DDS,"4,4'-diaminodiphenylsulfone",C1=CC(=CC=C1N)S(=O)(=O)C2=CC=C(C=C2)N,nan,nan,nan,photopolymer.20.739
PMDA,pyromellitic dianhydride,C1=C2C(=CC3=C1C(=O)OC3=O)C(=O)OC2=O,nan,nan,O=c1oc(=O)c2cc3c(=O)oc(=O)c3cc12,photopolymer.20.743
DCHM,Diaminodicyclohexylamine;diaminodicyclohexyl amine,nan,nan,NN(C1CCCCC1)C2(N)CCCCC2,nan,photopolymer.20.743
BASDT,"2,5-bis(4-aminophenylsulfanyl)-1,4-dithiane",nan,NC1=CC=C(C=C1)SC1SCC(SC1)SC1=CC=C(C=C1)N,nan,Nc1ccc(SC2CSC(Sc3ccc(N)cc3)CS2)cc1,photopolymer.21.131
CBDA,"1,2,3,4-cyclobutanetetracarboxylic dianhydride",CCCCCC1=CC(=C(C(=C1C(=O)O)O)C2C=C(CCC2C(=C)C)C)O,nan,nan,nan,photopolymer.21.131
PMDA,pyromellitic acid dianhydride,nan,nan,O=C1OC(=O)c2cc3C(=O)OC(=O)c3cc12,nan,photopolymer.21.95
ODA,"4,4'-oxydianiline",C1=CC(=CC=C1N)OC2=CC=C(C=C2)N,O(C1=CC=C(N)C=C1)C1=CC=C(N)C=C1,nan,nan,photopolymer.21.95
BPDA,biphenyl-tetracarboxylic acid dianhydride,C1=CC2=C(C=C1C3=CC4=C(C=C3)C(=O)OC4=O)C(=O)OC2=O,nan,nan,nan,photopolymer.21.95
PDA,p-phenylene diamine,nan,nan,CC(NCc1c(O)c(C)ncc1CO[P](O)(O)=O)C(O)=O,nan,photopolymer.21.95
TPE-R,"1,3-bis(4-aminophenoxy)benzene",C1=CC(=CC(=C1)OC2=CC=C(C=C2)N)OC3=CC=C(C=C3)N,NC1=CC=C(OC2=CC(=CC=C2)OC2=CC=C(C=C2)N)C=C1,nan,nan,photopolymer.23.467
APB,"1,3-bis(3-aminophenoxy)benzene",C1=CC(=CC(=C1)OC2=CC(=CC=C2)OC3=CC=CC(=C3)N)N,NC=1C=C(OC2=CC(=CC=C2)OC2=CC(=CC=C2)N)C=CC1,nan,nan,photopolymer.23.467
"4,4'-ODA","4,4'-Oxydianiline",C1=CC(=CC=C1N)OC2=CC=C(C=C2)N,O(C1=CC=C(N)C=C1)C1=CC=C(N)C=C1,nan,nan,photopolymer.24.247
BAPP,"2,2-Bis-{4-(4-aminophenoxy) phenyl} propane",nan,NC1=CC=C(OC2=CC=C(C=C2)C(C)(C)C2=CC=C(C=C2)OC2=CC=C(C=C2)N)C=C1,nan,nan,photopolymer.24.247
PDAS,"1,3-Phenylenediamine-4-sulfonic acid",C1=CC(=C(C=C1N)N)S(=O)(=O)O,nan,nan,Nc1ccc(S(=O)(=O)O)c(N)c1,photopolymer.24.269
PDA,"1,4-Phenylenediamine-3-sulfonic acid",C1=CC(=C(C=C1N)S(=O)(=O)O)N,nan,nan,Nc1ccc(N)c(S(=O)(=O)O)c1,photopolymer.24.269
BDSA,"2,2'-benzidine disulfonic acid",nan,C=1(C(=CC(N)=CC1)S(=O)(=O)O)C=1C(=CC(N)=CC1)S(=O)(=O)O,nan,Nc1ccc(-c2ccc(N)cc2S(=O)(=O)O)c(S(=O)(=O)O)c1,photopolymer.24.269
DAD,"2,3,5,6-tetramethyl-1,4-phenylenediamine",CC1=C(C(=C(C(=C1N)C)C)N)C,CC1=C(C(=C(C(=C1C)N)C)C)N,nan,Cc1c(C)c(N)c(C)c(C)c1N,photopolymer.24.269
BTDA,"3,3',4,4'-benzophenonetetracarboxylic dianhydride",C1=CC2=C(C=C1C(=O)C3=CC4=C(C=C3)C(=O)OC4=O)C(=O)OC2=O,nan,nan,O=C(c1ccc2c(c1)C(=O)OC2=O)c1ccc2c(c1)C(=O)OC2=O,photopolymer.24.269
BPDA,"4,4'-biphthalic anhydride",C1=CC2=C(C=C1C3=CC4=C(C=C3)C(=O)OC4=O)C(=O)OC2=O,nan,nan,O=C1OC(=O)c2cc(-c3ccc4c(c3)C(=O)OC4=O)ccc21,photopolymer.24.269
DSDA,"3,3',4,4'-diphenylsulfonetetracarboxylic dianhydride",C1=CC2=C(C=C1S(=O)(=O)C3=CC4=C(C=C3)C(=O)OC4=O)C(=O)OC2=O,nan,nan,O=C1OC(=O)c2cc(S(=O)(=O)c3ccc4c(c3)C(=O)OC4=O)ccc21,photopolymer.24.269
6FDA,"4,4'-(hexafluoroisopropylidene)diphthalic anhydride",C1=CC2=C(C=C1C(C3=CC4=C(C=C3)C(=O)OC4=O)(C(F)(F)F)C(F)(F)F)C(=O)OC2=O,nan,nan,O=C1OC(=O)c2cc(C(c3ccc4c(c3)C(=O)OC4=O)(C(F)(F)F)C(F)(F)F)ccc21,photopolymer.24.269
PMDA,pyromellitic dianhydride,C1=C2C(=CC3=C1C(=O)OC3=O)C(=O)OC2=O,nan,nan,O=c1oc(=O)c2cc3c(=O)oc(=O)c3cc12,photopolymer.24.283
DADE,"4,4'-diaminodiphenyl ether",nan,nan,Nc1ccc(Oc2ccc(N)cc2)cc1,Nc1ccc(Oc2ccc(N)cc2)cc1,photopolymer.24.283
BPDA,"biphenyltetracarboxylic dianhydride;3,3',4,4'-Biphenyltetracarboxylic dianhydride",C1=CC2=C(C=C1C3=CC4=C(C=C3)C(=O)OC4=O)C(=O)OC2=O,nan,nan,O=C1OC(=O)c2cc(-c3ccc4c(c3)C(=O)OC4=O)ccc21,photopolymer.24.283
DAT,"2,4-diaminotoluene",CC1=C(C=C(C=C1)N)N,NC1=C(C)C=CC(=C1)N,nan,Cc1ccc(N)cc1N,photopolymer.24.283
BPDA,"3,3',4,4'-biphenyl tetracarboxylic acid dianhydride",C1=CC2=C(C=C1C3=CC4=C(C=C3)C(=O)OC4=O)C(=O)OC2=O,nan,nan,O=C1OC(=O)c2cc(-c3ccc4c(c3)C(=O)OC4=O)ccc21,photopolymer.26.291
BAPB,"4,4'-bis(4-amino phenoxy) biphenyl",nan,NC1=CC=C(OC2=CC=C(C=C2)C2=CC=C(C=C2)OC2=CC=C(C=C2)N)C=C1,nan,Nc1ccc(Oc2ccc(-c3ccc(Oc4ccc(N)cc4)cc3)cc2)cc1,photopolymer.26.291
DABS,bis(3-amino-4-hydroxyphenyl) sulfone,C1=CC(=C(C=C1S(=O)(=O)C2=CC(=C(C=C2)O)N)N)O,NC=1C=C(C=CC1O)S(=O)(=O)C1=CC(=C(C=C1)O)N,nan,Nc1cc(S(=O)(=O)c2ccc(O)c(N)c2)ccc1O,photopolymer.26.291
PMDA;PMA,pyromellitic acid dianhydride,C1=C2C(=CC3=C1C(=O)OC3=O)C(=O)OC2=O,nan,nan,nan,photopolymer.26.291
DADE,"4,4'-diaminodiphenyl ether",nan,nan,Nc1ccc(Oc2ccc(N)cc2)cc1,Nc1ccc(Oc2ccc(N)cc2)cc1,photopolymer.26.291
FDA,"4,4'-(9-fluorenylidene) dianiline",nan,C1=CC=CC=2C3=CC=CC=C3C(C12)(C1=CC=C(N)C=C1)C1=CC=C(N)C=C1,nan,nan,photopolymer.26.291
DAT,"2,4-Diaminotoluene",CC1=C(C=C(C=C1)N)N,NC1=C(C)C=CC(=C1)N,nan,nan,photopolymer.26.357
DSDA,"3,3',4,4'-diphenylsulfonetetracarboxylic dianhydride",C1=CC2=C(C=C1S(=O)(=O)C3=CC4=C(C=C3)C(=O)OC4=O)C(=O)OC2=O,nan,nan,nan,photopolymer.26.357
BOEDA,"bicyclo[2.2.2]oct-7-ene-2,3,5,6-tetracarboxylic dianhydride",C1=CC2C3C(C1C4C2C(=O)OC4=O)C(=O)OC3=O,nan,nan,nan,photopolymer.26.357
CHDA,"1,2,4,5-cyclohexanetetracarboxylic dianhydride",C1C2C(CC3C1C(=O)OC3=O)C(=O)OC2=O,nan,nan,nan,photopolymer.26.357
CBDA,"1,2,3,4-cyclobutanetetracarboxylic dianhydride",CCCCCC1=CC(=C(C(=C1C(=O)O)O)C2C=C(CCC2C(=C)C)C)O,nan,nan,nan,photopolymer.26.357
PMDA,pyromellitic dianhydride,nan,nan,O=C1OC(=O)c2cc3C(=O)OC(=O)c3cc12,O=c1oc(=O)c2cc3c(=O)oc(=O)c3cc12,photopolymer.27.139
TAPB,"1,3,5-tris(4-aminophenyl)benzene",C1=CC(=CC=C1C2=CC(=CC(=C2)C3=CC=C(C=C3)N)C4=CC=C(C=C4)N)N,NC1=CC=C(C=C1)C1=CC(=CC(=C1)C1=CC=C(C=C1)N)C1=CC=C(C=C1)N,nan,Nc1ccc(-c2cc(-c3ccc(N)cc3)cc(-c3ccc(N)cc3)c2)cc1,photopolymer.27.139
DAPEB,"2,4-diaminophenylethynylbenzene;1,3-diamino-4-phenylethynylbenzene",nan,NC1=C(C=CC(=C1)N)C#CC1=CC=CC=C1,nan,Nc1ccc(C#Cc2ccccc2)c(N)c1,photopolymer.27.146
s-BPDA;BPDA,"3,3',4,4'-biphenyltetracarboxylic dianhydride",C1=CC2=C(C=C1C3=CC4=C(C=C3)C(=O)OC4=O)C(=O)OC2=O,nan,nan,O=C1OC(=O)c2cc(-c3ccc4c(c3)C(=O)OC4=O)ccc21,photopolymer.27.146
PMDA,pyromellitic dianhydride,nan,nan,O=C1OC(=O)c2cc3C(=O)OC(=O)c3cc12,O=c1oc(=O)c2cc3c(=O)oc(=O)c3cc12,photopolymer.27.146
ODA,"4,4'-oxydianiline",C1=CC(=CC=C1N)OC2=CC=C(C=C2)N,O(C1=CC=C(N)C=C1)C1=CC=C(N)C=C1,nan,Nc1ccc(Oc2ccc(N)cc2)cc1,photopolymer.27.146
DAT,"2,4-diaminotoluene",CC1=C(C=C(C=C1)N)N,NC1=C(C)C=CC(=C1)N,nan,Cc1ccc(N)cc1N,photopolymer.27.146
"3,4-ODPA;a-ODPA","3,4'-oxydiphthalic anhydride",C1=CC2=C(C(=C1)OC3=CC4=C(C=C3)C(=O)OC4=O)C(=O)OC2=O,nan,nan,O=C1OC(=O)c2cc(Oc3cccc4c3C(=O)OC4=O)ccc21,photopolymer.27.161
DDE,"4,4'-diaminodiphenylether",C1=CC(=CC=C1C(=C(Cl)Cl)C2=CC=C(C=C2)Cl)Cl,nan,nan,nan,photopolymer.27.161
CpODA,"Norbornane-2-spiro-α-cyclopentanone-α'-spiro -2""-norbornane-5,5"",6,6""-tetracarboxylic di- anhydride",C1CC2(CC3CC2C4C3C(=O)OC4=O)C(=O)C15CC6CC5C7C6C(=O)OC7=O,nan,nan,O=C1OC(=O)C2C1C1CC2C2(CCC3(CC4CC3C3C(=O)OC(=O)C43)C2=O)C1,photopolymer.27.167
"1,3-BAB","1,3-Bis(4-aminophenoxy)benzene",C1=CC(=CC(=C1)OC2=CC=C(C=C2)N)OC3=CC=C(C=C3)N,NC1=CC=C(OC2=CC(=CC=C2)OC2=CC=C(C=C2)N)C=C1,nan,Nc1ccc(Oc2cccc(Oc3ccc(N)cc3)c2)cc1,photopolymer.27.167
m-Tol,"2,2'-dimethyl-1,1'-biphenyl-4,4'-diamine",nan,CC1=C(C=CC(=C1)N)C1=C(C=C(C=C1)N)C,nan,Cc1cc(N)ccc1-c1ccc(N)cc1C,photopolymer.27.167
"4,4'-DDE","4,4'-Diaminodiphenyl ether",C1=CC(=CC=C1N)OC2=CC=C(C=C2)N,nan,nan,Nc1ccc(Oc2ccc(N)cc2)cc1,photopolymer.27.167
"3,4'-DDE","3,4'-Diaminodiphenyl ether",C1=CC(=CC(=C1)OC2=CC=C(C=C2)N)N,nan,nan,Nc1ccc(Oc2cccc(N)c2)cc1,photopolymer.27.167
"4,4'-DABA","4,4'-diaminobenzanilide",C1=CC(=CC=C1C(=O)NC2=CC=C(C=C2)N)N,NC1=CC=C(C(=O)NC2=CC=C(C=C2)N)C=C1,nan,Nc1ccc(NC(=O)c2ccc(N)cc2)cc1,photopolymer.27.167
DPE;ODA,"4,4'-diaminodiphenyl ether",nan,nan,Nc1ccc(Oc2ccc(N)cc2)cc1,Nc1ccc(Oc2ccc(N)cc2)cc1,photopolymer.27.181
BTDA,"3,3',4,4-benzophenonetetracarboxylic acid dianhydride;3,3',4,4'-benzophenonetetracarboxylic dianhydride",C1=CC2=C(C=C1C(=O)C3=CC4=C(C=C3)C(=O)OC4=O)C(=O)OC2=O,nan,nan,O=C(c1ccc2c(c1)C(=O)OC2=O)c1ccc2c(c1)C(=O)OC2=O,photopolymer.27.181
nan,"3,3'-[sulfonylbis(p-phenyleneoxy)]dianiline",nan,S(=O)(=O)(C1=CC=C(C=C1)OC=1C=C(N)C=CC1)C1=CC=C(C=C1)OC=1C=C(N)C=CC1,nan,nan,photopolymer.27.181
nan,"1,4-bis(4-aminophenoxy)benzene",C1=CC(=CC=C1N)OC2=CC=C(C=C2)OC3=CC=C(C=C3)N,NC1=CC=C(OC2=CC=C(C=C2)OC2=CC=C(C=C2)N)C=C1,nan,nan,photopolymer.27.181
nan,"2,4,6-triaminopyrimidine",C1=C(N=C(N=C1N)N)N,NC1=NC(=CC(=N1)N)N,nan,nan,photopolymer.27.181
"3,4'-ODPA;a-ODPA","3,4'-oxydiphthalic anhydride",C1=CC2=C(C(=C1)OC3=CC4=C(C=C3)C(=O)OC4=O)C(=O)OC2=O,nan,nan,O=C1OC(=O)c2cc(Oc3cccc4c3C(=O)OC4=O)ccc21,photopolymer.27.277
DDE,"4,4'-Diaminodiphenylether",C1=CC(=CC=C1C(=C(Cl)Cl)C2=CC=C(C=C2)Cl)Cl,nan,nan,nan,photopolymer.27.277
"3,4'-ODPA;a-ODPA","3,4'-oxydiphthalic anhydride",C1=CC2=C(C(=C1)OC3=CC4=C(C=C3)C(=O)OC4=O)C(=O)OC2=O,nan,nan,O=C1OC(=O)c2cc(Oc3cccc4c3C(=O)OC4=O)ccc21,photopolymer.28.191
DDE,"4,4'-Diaminodiphenylether",C1=CC(=CC=C1C(=C(Cl)Cl)C2=CC=C(C=C2)Cl)Cl,nan,nan,nan,photopolymer.28.191
monomer 1,"Photosensitive o-nitrobenzyl group-containing diamine monomer 1;di(o-nitrobenzyl) 5,5'-methylenebis(2-aminobenzoate)",nan,C(C=1C=CC(=C(C(=O)OCC2=C(C=CC=C2)[N+](=O)[O-])C1)N)C=1C=CC(=C(C(=O)OCC2=C(C=CC=C2)[N+](=O)[O-])C1)N,nan,Nc1ccc(Cc2ccc(N)c(C(=O)OCc3ccccc3[N+](=O)[O-])c2)cc1C(=O)OCc1ccccc1[N+](=O)[O-],photopolymer.28.201
PDA,Pyromellitic dianhydride,nan,nan,O=C1OC(=O)c2cc3C(=O)OC(=O)c3cc12,nan,photopolymer.28.201
6FDA,"4,4'-(hexafluoroisopropylidene)diphthalic anhydride",C1=CC2=C(C=C1C(C3=CC4=C(C=C3)C(=O)OC4=O)(C(F)(F)F)C(F)(F)F)C(=O)OC2=O,nan,nan,nan,photopolymer.28.201
BTDA,"3,3',4,4'-benzophenone tetracarboxylic dianhydride",C1=CC2=C(C=C1C(=O)C3=CC4=C(C=C3)C(=O)OC4=O)C(=O)OC2=O,nan,nan,nan,photopolymer.28.201
CPDA;PCDA,"1,2,3,4-cyclopentane tetracarboxylic dianhydride",C1=CC(=C(C(=C1)F)CC(=O)NC2=NC=CC(=C2)OCC3=CC=C(C=C3)Cl)F,nan,nan,nan,photopolymer.28.201
CpODA,"Norbornane-2-spiro-α-cyclopentanone-α.'-spiro- 2""-norbornane-5,5"",6,6""-tetracarboxylic dianhydride;cyclopentanone bis-spironorbornanetetracarboxylic dianhydride;alicyclic tetracrboxylic dianhydride having cyclopentanone bis-spironorbornane structure",C1CC2(CC3CC2C4C3C(=O)OC4=O)C(=O)C15CC6CC5C7C6C(=O)OC7=O,nan,nan,O=C1OC(=O)C2C1C1CC2C2(CCC3(CC4CC3C3C(=O)OC(=O)C43)C2=O)C1,photopolymer.29.237
m-Tol,"2,2'-Dimethyl-1,1'-biphenyl-4,4'-diamine",nan,CC1=C(C=CC(=C1)N)C1=C(C=C(C=C1)N)C,nan,Cc1cc(N)ccc1-c1ccc(N)cc1C,photopolymer.29.237
"4,4'-DDE","4,4'-Diaminodiphenyl ether",C1=CC(=CC=C1N)OC2=CC=C(C=C2)N,nan,nan,Nc1ccc(Oc2ccc(N)cc2)cc1,photopolymer.29.237
ODA,"4,4'-oxydianiline",C1=CC(=CC=C1N)OC2=CC=C(C=C2)N,O(C1=CC=C(N)C=C1)C1=CC=C(N)C=C1,nan,Nc1ccc(Oc2ccc(N)cc2)cc1,photopolymer.29.31
APB,"1,4-bis(4-aminophenoxy)benzene",C1=CC(=CC=C1N)OC2=CC=C(C=C2)OC3=CC=C(C=C3)N,NC1=CC=C(OC2=CC=C(C=C2)OC2=CC=C(C=C2)N)C=C1,nan,Nc1ccc(Oc2ccc(Oc3ccc(N)cc3)cc2)cc1,photopolymer.29.31
BAPP,"2,2'-bis[(4-aminophenoxy)phenyl]propane",C1CN(CCN1CCCN)CCCN,nan,nan,nan,photopolymer.29.31
BDAF,"2,2'-bis[(4-aminophenoxy)-phenyl]hexafluoropropane",CC1=CC=C(C=C1)C2(C3=CC=CC=C3C4=C2C=C(C=C4)C5=CC6=C(C=C5)C7=CC=CC=C7C6(C8=CC=C(C=C8)C)C9=CC=C(C=C9)C)C1=CC=C(C=C1)C,nan,nan,nan,photopolymer.29.31
3C10-PEBPDA;3C10-phenylester benzophenone diamine,"4-(3,5-diaminobenzoyl)phenyl 3,4,5-tris(decyloxy)benzoate",nan,C(CCCCCCCCC)OC=1C=C(C(=O)OC2=CC=C(C=C2)C(C2=CC(=CC(=C2)N)N)=O)C=C(C1OCCCCCCCCCC)OCCCCCCCCCC,nan,nan,photopolymer.30.163
"3,4'-ODPA;a-ODPA","3,4'-Oxydiphthalic anhydride",C1=CC2=C(C(=C1)OC3=CC4=C(C=C3)C(=O)OC4=O)C(=O)OC2=O,nan,nan,O=C1OC(=O)c2cc(Oc3cccc4c3C(=O)OC4=O)ccc21,photopolymer.30.163
DDE,"4,4'-diaminodiphenylether",C1=CC(=CC=C1C(=C(Cl)Cl)C2=CC=C(C=C2)Cl)Cl,nan,nan,nan,photopolymer.30.163
"3,4'-ODPA;a-ODPA","3,4'-oxydiphthalic anhydride",C1=CC2=C(C(=C1)OC3=CC4=C(C=C3)C(=O)OC4=O)C(=O)OC2=O,nan,nan,nan,photopolymer.30.445
DSDA,"3,3',4,4'-diphenylsulfonetetracarboxylic dianhydride",C1=CC2=C(C=C1S(=O)(=O)C3=CC4=C(C=C3)C(=O)OC4=O)C(=O)OC2=O,nan,nan,nan,photopolymer.30.445
Azo-DA,"4-(phenylazo) 3,5-di(3-aminophenyl) benzoate;4-(Phenylazo)phenyl 3,5-di(3-aminophenyl)benzoate",nan,NC=1C=C(C=CC1)C=1C=C(C(=O)OC2=CC=C(C=C2)N=NC2=CC=CC=C2)C=C(C1)C1=CC(=CC=C1)N,nan,Nc1cccc(-c2cc(C(=O)Oc3ccc(N=Nc4ccccc4)cc3)cc(-c3cccc(N)c3)c2)c1,photopolymer.30.445
BDAF,"2,2'-bis[(4-aminophenoxy)phenyl]hexafluoropropane",CC1=CC=C(C=C1)C2(C3=CC=CC=C3C4=C2C=C(C=C4)C5=CC6=C(C=C5)C7=CC=CC=C7C6(C8=CC=C(C=C8)C)C9=CC=C(C=C9)C)C1=CC=C(C=C1)C,nan,nan,nan,photopolymer.31.27
DABA,"4,4'-diaminobenzanilide",C1=CC(=CC=C1C(=O)NC2=CC=C(C=C2)N)N,NC1=CC=C(C(=O)NC2=CC=C(C=C2)N)C=C1,nan,nan,photopolymer.31.27
Cl-DABA,"2-chloro-4,4'-diaminobenzanilide",C1=CC(=CC=C1N)NC(=O)C2=C(C=C(C=C2)N)Cl,ClC1=C(C(=O)NC2=CC=C(C=C2)N)C=CC(=C1)N,nan,nan,photopolymer.31.27
"3,4'-ODPA;a-ODPA","3,4'-Oxydiphthalic anhydride",C1=CC2=C(C(=C1)OC3=CC4=C(C=C3)C(=O)OC4=O)C(=O)OC2=O,nan,nan,nan,photopolymer.31.587
HAB,"3,3'-dihydroxy-4,4'-diaminobiphenyl",C1=CC(=C(C=C1C2=CC(=C(C=C2)N)O)O)N,OC=1C=C(C=CC1N)C1=CC(=C(C=C1)N)O,nan,Nc1ccc(-c2ccc(N)c(O)c2)cc1O,photopolymer.31.587
6FDA,"4,4'-Hexafluoroisopropylidenedi(phthalic anhydride)",C1=CC2=C(C=C1C(C3=CC4=C(C=C3)C(=O)OC4=O)(C(F)(F)F)C(F)(F)F)C(=O)OC2=O,nan,nan,O=C1OC(=O)c2cc(C(c3ccc4c(c3)C(=O)OC4=O)(C(F)(F)F)C(F)(F)F)ccc21,photopolymer.32.481
HAB,"3,3'-dihydroxy-4,4'-diaminobiphenyl",C1=CC(=C(C=C1C2=CC(=C(C=C2)N)O)O)N,OC=1C=C(C=CC1N)C1=CC(=C(C=C1)N)O,nan,Nc1ccc(-c2ccc(N)c(O)c2)cc1O,photopolymer.32.481
PMDA,pyromellitic acid dianhydride,C1=C2C(=CC3=C1C(=O)OC3=O)C(=O)OC2=O,nan,nan,nan,photopolymer.33.583
ODA,"4,4'-Diaminodiphenyl ether",C1=CC(=CC=C1N)OC2=CC=C(C=C2)N,nan,nan,nan,photopolymer.33.583
TPE,hydroquinone bis(4-aminophenyl) ether,C1=CC(=CC=C1N)OC2=CC=C(C=C2)OC3=CC=C(C=C3)N,NC1=CC=C(C=C1)OC1=CC=C(OC2=CC=C(C=C2)N)C=C1,nan,nan,photopolymer.33.583
BAPB,"4,4'-bis(4-aminophenoxy) biphenyl",C1=CC(=CC=C1C2=CC=C(C=C2)OC3=CC=C(C=C3)N)OC4=CC=C(C=C4)N,NC1=CC=C(OC2=CC=C(C=C2)C2=CC=C(C=C2)OC2=CC=C(C=C2)N)C=C1,nan,nan,photopolymer.33.583
BTDA,"3,3',4,4'-benzophenone tetracarboxylic dianhydride",C1=CC2=C(C=C1C(=O)C3=CC4=C(C=C3)C(=O)OC4=O)C(=O)OC2=O,nan,nan,nan,photopolymer.8.321
BAPP,"2,2-bis[4-(4-aminophenoxy)phenyl]propane",nan,NC1=CC=C(OC2=CC=C(C=C2)C(C)(C)C2=CC=C(C=C2)OC2=CC=C(C=C2)N)C=C1,nan,nan,photopolymer.8.321
BTDA,"3,3',4,4'-benzophenone tetracarboxylic dianhydride",C1=CC2=C(C=C1C(=O)C3=CC4=C(C=C3)C(=O)OC4=O)C(=O)OC2=O,nan,nan,nan,photopolymer.8.321
BAPP,"2,2-bis[4-(4-aminophenoxy)phenyl]propane",CC(C)(C1=CC=C(C=C1)OC2=CC=C(C=C2)N)C3=CC=C(C=C3)OC4=CC=C(C=C4)N,NC1=CC=C(OC2=CC=C(C=C2)C(C)(C)C2=CC=C(C=C2)OC2=CC=C(C=C2)N)C=C1,nan,nan,photopolymer.8.321
BTDA,"3,3',4,4'-benzophenone tetracarboxylic dianhydride",C1=CC2=C(C=C1C(=O)C3=CC4=C(C=C3)C(=O)OC4=O)C(=O)OC2=O,nan,nan,nan,photopolymer.8.321
BAPP,"2,2-bis[4-(4-aminophenoxy)phenyl]propane",CC(C)(C1=CC=C(C=C1)OC2=CC=C(C=C2)N)C3=CC=C(C=C3)OC4=CC=C(C=C4)N,NC1=CC=C(OC2=CC=C(C=C2)C(C)(C)C2=CC=C(C=C2)OC2=CC=C(C=C2)N)C=C1,nan,nan,photopolymer.8.321
6FDA,"2,2-bis(3,4-dicarboxyphenyl)hexafluoropropane dianhydride",C1=CC2=C(C=C1C(C3=CC4=C(C=C3)C(=O)OC4=O)(C(F)(F)F)C(F)(F)F)C(=O)OC2=O,nan,nan,nan,jjap.52.012601
TFDB,"2,2′-bis(trifluoromethyl)-4,4'-diaminobiphenyl",C1=CC(=C(C=C1N)C(F)(F)F)C2=C(C=C(C=C2)N)C(F)(F)F,FC(C1=C(C=CC(=C1)N)C1=C(C=C(C=C1)N)C(F)(F)F)(F)F,nan,nan,jjap.52.012601
"4,4′-ODA","4,4'-diaminodiphenyl ether;oxydianiline",C1=CC(=CC=C1N)OC2=CC=C(C=C2)N,nan,nan,nan,jjap.52.012601
AP,"4-(4-phenyl-piperazin-1-yl)benzene-1,3-diamine",nan,C1(=CC=CC=C1)N1CCN(CC1)C1=C(C=C(C=C1)N)N,nan,Nc1ccc(N2CCN(c3ccccc3)CC2)c(N)c1,jjap.55.01aa09
ODPA,"4,4′-oxydiphthalic anhydride",C1=CC2=C(C=C1OC3=CC4=C(C=C3)C(=O)OC4=O)C(=O)OC2=O,nan,nan,O=C1OC(=O)c2cc(Oc3ccc4c(c3)C(=O)OC4=O)ccc21,jjap.55.01aa09
6FDA,hexafluoroisopropylidenediphthalic dianhydride;hexafluoropropanedianhydride,C1=CC2=C(C=C1C(C3=CC4=C(C=C3)C(=O)OC4=O)(C(F)(F)F)C(F)(F)F)C(=O)OC2=O,nan,nan,nan,jjap.57.0102bf
MMDA,"4,4'-diamino-3,3'-dimethyldiphenylmethane",CC1=C(C=CC(=C1)CC2=CC(=C(C=C2)N)C)N,nan,nan,nan,jjap.57.0102bf
6FDA,"2,2-bis(3,4-dicarboxyphenyl)hexafluoropropane dianhydride",C1=CC2=C(C=C1C(C3=CC4=C(C=C3)C(=O)OC4=O)(C(F)(F)F)C(F)(F)F)C(=O)OC2=O,nan,nan,nan,jjap.52.012601
TFDB,"2,2′-bis(trifluoromethyl)-4,4'-diaminobiphenyl",C1=CC(=C(C=C1N)C(F)(F)F)C2=C(C=C(C=C2)N)C(F)(F)F,FC(C1=C(C=CC(=C1)N)C1=C(C=C(C=C1)N)C(F)(F)F)(F)F,nan,nan,jjap.52.012601
"4,4′-ODA","4,4'-diaminodiphenyl ether;oxydianiline",C1=CC(=CC=C1N)OC2=CC=C(C=C2)N,nan,nan,nan,jjap.52.012601
AP,"4-(4-phenyl-piperazin-1-yl)benzene-1,3-diamine",nan,C1(=CC=CC=C1)N1CCN(CC1)C1=C(C=C(C=C1)N)N,nan,Nc1ccc(N2CCN(c3ccccc3)CC2)c(N)c1,jjap.55.01aa09
ODPA,"4,4′-oxydiphthalic anhydride",C1=CC2=C(C=C1OC3=CC4=C(C=C3)C(=O)OC4=O)C(=O)OC2=O,nan,nan,O=C1OC(=O)c2cc(Oc3ccc4c(c3)C(=O)OC4=O)ccc21,jjap.55.01aa09
6FDA,hexafluoroisopropylidenediphthalic dianhydride,C1=CC2=C(C=C1C(C3=CC4=C(C=C3)C(=O)OC4=O)(C(F)(F)F)C(F)(F)F)C(=O)OC2=O,nan,nan,nan,jjap.57.0102bf
MMDA,"4,4'-diamino-3,3'-dimethyl diphenylmethane;4,4′-diamino-3,3′-dimethyldiphenylmethane",nan,nan,Cc1cc(NCNc2ccc(N)c(C)c2)ccc1N,nan,jjap.57.0102bf
AP,"4-(4-phenyl-piperazin-1-yl)benzene-1,3-diamine",,C1(=CC=CC=C1)N1CCN(CC1)C1=C(C=C(C=C1)N)N,,Nc1ccc(N2CCN(c3ccccc3)CC2)c(N)c1,10.7567/jjap.55.01aa09
ODPA,"4,4′-oxydiphthalic anhydride",C1=CC2=C(C=C1OC3=CC4=C(C=C3)C(=O)OC4=O)C(=O)OC2=O,,,O=C1OC(=O)c2cc(Oc3ccc4c(c3)C(=O)OC4=O)ccc21,10.7567/jjap.55.01aa09
6FDA,hexafluoroisopropylidenediphthalic dianhydride;hexafluoropropanedianhydride,C1=CC2=C(C=C1C(C3=CC4=C(C=C3)C(=O)OC4=O)(C(F)(F)F)C(F)(F)F)C(=O)OC2=O,,,,10.7567/jjap.57.0102bf
MMDA,"4,4'-diamino-3,3'-dimethyldiphenylmethane",CC1=C(C=CC(=C1)CC2=CC(=C(C=C2)N)C)N,,,,10.7567/jjap.57.0102bf
